,ZIP,UCR_CRIME_CATEGORY,year,occurrances_per_year
0,85003.0,LARCENY-THEFT,2017,356
1,85003.0,LARCENY-THEFT,2016,322
2,85003.0,DRUG OFFENSE,2016,96
3,85003.0,DRUG OFFENSE,2017,88
4,85003.0,BURGLARY,2017,81
5,85003.0,LARCENY-THEFT,2015,79
6,85003.0,BURGLARY,2016,73
7,85003.0,AGGRAVATED ASSAULT,2017,64
8,85003.0,MOTOR VEHICLE THEFT,2017,62
9,85003.0,MOTOR VEHICLE THEFT,2016,59
10,85003.0,AGGRAVATED ASSAULT,2016,50
11,85003.0,ROBBERY,2017,45
12,85003.0,ROBBERY,2016,28
13,85003.0,BURGLARY,2015,25
14,85003.0,RAPE,2016,22
15,85003.0,RAPE,2017,22
16,85003.0,DRUG OFFENSE,2015,9
17,85003.0,MOTOR VEHICLE THEFT,2015,7
18,85003.0,AGGRAVATED ASSAULT,2015,6
19,85003.0,ROBBERY,2015,5
20,85003.0,ARSON,2016,4
21,85003.0,RAPE,2015,3
22,85003.0,ARSON,2017,3
23,85003.0,MURDER AND NON-NEGLIGENT MANSLAUGHTER,2016,2
24,85004.0,LARCENY-THEFT,2016,493
25,85004.0,LARCENY-THEFT,2017,442
26,85004.0,MOTOR VEHICLE THEFT,2016,77
27,85004.0,AGGRAVATED ASSAULT,2017,69
28,85004.0,DRUG OFFENSE,2016,68
29,85004.0,BURGLARY,2016,67
30,85004.0,BURGLARY,2017,67
31,85004.0,LARCENY-THEFT,2015,67
32,85004.0,ROBBERY,2016,48
33,85004.0,ROBBERY,2017,45
34,85004.0,MOTOR VEHICLE THEFT,2017,43
35,85004.0,AGGRAVATED ASSAULT,2016,42
36,85004.0,DRUG OFFENSE,2017,41
37,85004.0,RAPE,2016,23
38,85004.0,RAPE,2017,11
39,85004.0,AGGRAVATED ASSAULT,2015,8
40,85004.0,BURGLARY,2015,8
41,85004.0,MOTOR VEHICLE THEFT,2015,6
42,85004.0,DRUG OFFENSE,2015,5
43,85004.0,MURDER AND NON-NEGLIGENT MANSLAUGHTER,2017,3
44,85004.0,RAPE,2015,3
45,85004.0,ROBBERY,2015,3
46,85004.0,MURDER AND NON-NEGLIGENT MANSLAUGHTER,2016,2
47,85004.0,ARSON,2016,2
48,85004.0,ARSON,2017,1
49,85004.0,ARSON,2015,1
50,85006.0,LARCENY-THEFT,2017,567
51,85006.0,LARCENY-THEFT,2016,558
52,85006.0,BURGLARY,2017,220
53,85006.0,BURGLARY,2016,206
54,85006.0,MOTOR VEHICLE THEFT,2016,151
55,85006.0,AGGRAVATED ASSAULT,2016,126
56,85006.0,MOTOR VEHICLE THEFT,2017,123
57,85006.0,AGGRAVATED ASSAULT,2017,105
58,85006.0,DRUG OFFENSE,2017,91
59,85006.0,DRUG OFFENSE,2016,78
60,85006.0,ROBBERY,2016,78
61,85006.0,LARCENY-THEFT,2015,75
62,85006.0,ROBBERY,2017,67
63,85006.0,RAPE,2017,41
64,85006.0,RAPE,2016,41
65,85006.0,BURGLARY,2015,40
66,85006.0,MOTOR VEHICLE THEFT,2015,16
67,85006.0,AGGRAVATED ASSAULT,2015,16
68,85006.0,ARSON,2017,14
69,85006.0,DRUG OFFENSE,2015,9
70,85006.0,RAPE,2015,8
71,85006.0,MURDER AND NON-NEGLIGENT MANSLAUGHTER,2016,7
72,85006.0,ROBBERY,2015,6
73,85006.0,ARSON,2016,4
74,85006.0,MURDER AND NON-NEGLIGENT MANSLAUGHTER,2017,3
75,85006.0,MURDER AND NON-NEGLIGENT MANSLAUGHTER,2015,2
76,85006.0,ARSON,2015,2
77,85007.0,LARCENY-THEFT,2016,376
78,85007.0,LARCENY-THEFT,2017,327
79,85007.0,BURGLARY,2016,165
80,85007.0,DRUG OFFENSE,2016,145
81,85007.0,AGGRAVATED ASSAULT,2017,125
82,85007.0,DRUG OFFENSE,2017,114
83,85007.0,BURGLARY,2017,112
84,85007.0,AGGRAVATED ASSAULT,2016,93
85,85007.0,MOTOR VEHICLE THEFT,2016,92
86,85007.0,ROBBERY,2017,70
87,85007.0,MOTOR VEHICLE THEFT,2017,69
88,85007.0,LARCENY-THEFT,2015,53
89,85007.0,ROBBERY,2016,43
90,85007.0,BURGLARY,2015,33
91,85007.0,RAPE,2016,32
92,85007.0,RAPE,2017,31
93,85007.0,DRUG OFFENSE,2015,28
94,85007.0,MOTOR VEHICLE THEFT,2015,19
95,85007.0,AGGRAVATED ASSAULT,2015,16
96,85007.0,ROBBERY,2015,16
97,85007.0,ARSON,2016,11
98,85007.0,ARSON,2017,10
99,85007.0,MURDER AND NON-NEGLIGENT MANSLAUGHTER,2016,7
100,85007.0,MURDER AND NON-NEGLIGENT MANSLAUGHTER,2017,6
101,85007.0,MURDER AND NON-NEGLIGENT MANSLAUGHTER,2015,2
102,85007.0,RAPE,2015,1
103,85008.0,LARCENY-THEFT,2016,1494
104,85008.0,LARCENY-THEFT,2017,1466
105,85008.0,BURGLARY,2016,458
106,85008.0,BURGLARY,2017,404
107,85008.0,MOTOR VEHICLE THEFT,2016,373
108,85008.0,MOTOR VEHICLE THEFT,2017,319
109,85008.0,DRUG OFFENSE,2016,270
110,85008.0,AGGRAVATED ASSAULT,2017,252
111,85008.0,AGGRAVATED ASSAULT,2016,237
112,85008.0,LARCENY-THEFT,2015,231
113,85008.0,DRUG OFFENSE,2017,226
114,85008.0,ROBBERY,2016,125
115,85008.0,ROBBERY,2017,116
116,85008.0,BURGLARY,2015,69
117,85008.0,RAPE,2016,53
118,85008.0,RAPE,2017,41
119,85008.0,MOTOR VEHICLE THEFT,2015,36
120,85008.0,AGGRAVATED ASSAULT,2015,25
121,85008.0,ROBBERY,2015,21
122,85008.0,ARSON,2017,21
123,85008.0,DRUG OFFENSE,2015,19
124,85008.0,ARSON,2016,18
125,85008.0,MURDER AND NON-NEGLIGENT MANSLAUGHTER,2017,13
126,85008.0,RAPE,2015,9
127,85008.0,MURDER AND NON-NEGLIGENT MANSLAUGHTER,2016,6
128,85008.0,ARSON,2015,5
129,85008.0,MURDER AND NON-NEGLIGENT MANSLAUGHTER,2015,1
130,85009.0,LARCENY-THEFT,2016,1002
131,85009.0,LARCENY-THEFT,2017,986
132,85009.0,BURGLARY,2016,441
133,85009.0,MOTOR VEHICLE THEFT,2016,417
134,85009.0,BURGLARY,2017,409
135,85009.0,MOTOR VEHICLE THEFT,2017,376
136,85009.0,DRUG OFFENSE,2016,325
137,85009.0,AGGRAVATED ASSAULT,2017,274
138,85009.0,DRUG OFFENSE,2017,254
139,85009.0,LARCENY-THEFT,2015,188
140,85009.0,AGGRAVATED ASSAULT,2016,176
141,85009.0,ROBBERY,2017,144
142,85009.0,ROBBERY,2016,138
143,85009.0,BURGLARY,2015,82
144,85009.0,MOTOR VEHICLE THEFT,2015,71
145,85009.0,DRUG OFFENSE,2015,39
146,85009.0,RAPE,2016,37
147,85009.0,RAPE,2017,33
148,85009.0,AGGRAVATED ASSAULT,2015,29
149,85009.0,ROBBERY,2015,23
150,85009.0,ARSON,2017,17
151,85009.0,ARSON,2016,8
152,85009.0,MURDER AND NON-NEGLIGENT MANSLAUGHTER,2016,8
153,85009.0,RAPE,2015,8
154,85009.0,MURDER AND NON-NEGLIGENT MANSLAUGHTER,2017,5
155,85012.0,LARCENY-THEFT,2017,225
156,85012.0,LARCENY-THEFT,2016,202
157,85012.0,BURGLARY,2016,69
158,85012.0,BURGLARY,2017,63
159,85012.0,MOTOR VEHICLE THEFT,2016,36
160,85012.0,LARCENY-THEFT,2015,34
161,85012.0,DRUG OFFENSE,2016,33
162,85012.0,DRUG OFFENSE,2017,29
163,85012.0,AGGRAVATED ASSAULT,2017,21
164,85012.0,ROBBERY,2017,18
165,85012.0,MOTOR VEHICLE THEFT,2017,17
166,85012.0,AGGRAVATED ASSAULT,2016,17
167,85012.0,ROBBERY,2016,15
168,85012.0,RAPE,2016,13
169,85012.0,BURGLARY,2015,12
170,85012.0,DRUG OFFENSE,2015,4
171,85012.0,RAPE,2017,3
172,85012.0,AGGRAVATED ASSAULT,2015,3
173,85012.0,ROBBERY,2015,2
174,85012.0,MURDER AND NON-NEGLIGENT MANSLAUGHTER,2017,2
175,85012.0,MOTOR VEHICLE THEFT,2015,2
176,85012.0,ARSON,2016,1
177,85012.0,RAPE,2015,1
178,85012.0,ARSON,2017,1
179,85013.0,LARCENY-THEFT,2016,739
180,85013.0,LARCENY-THEFT,2017,724
181,85013.0,BURGLARY,2016,242
182,85013.0,BURGLARY,2017,208
183,85013.0,MOTOR VEHICLE THEFT,2016,122
184,85013.0,LARCENY-THEFT,2015,105
185,85013.0,MOTOR VEHICLE THEFT,2017,87
186,85013.0,DRUG OFFENSE,2016,85
187,85013.0,DRUG OFFENSE,2017,84
188,85013.0,AGGRAVATED ASSAULT,2016,77
189,85013.0,AGGRAVATED ASSAULT,2017,77
190,85013.0,ROBBERY,2017,67
191,85013.0,ROBBERY,2016,60
192,85013.0,BURGLARY,2015,33
193,85013.0,RAPE,2016,26
194,85013.0,RAPE,2017,25
195,85013.0,MOTOR VEHICLE THEFT,2015,15
196,85013.0,DRUG OFFENSE,2015,15
197,85013.0,AGGRAVATED ASSAULT,2015,7
198,85013.0,ROBBERY,2015,6
199,85013.0,ARSON,2017,4
200,85013.0,RAPE,2015,3
201,85013.0,ARSON,2016,2
202,85013.0,MURDER AND NON-NEGLIGENT MANSLAUGHTER,2016,1
203,85014.0,LARCENY-THEFT,2016,581
204,85014.0,LARCENY-THEFT,2017,479
205,85014.0,BURGLARY,2016,236
206,85014.0,BURGLARY,2017,200
207,85014.0,LARCENY-THEFT,2015,114
208,85014.0,MOTOR VEHICLE THEFT,2016,99
209,85014.0,DRUG OFFENSE,2016,78
210,85014.0,AGGRAVATED ASSAULT,2017,75
211,85014.0,MOTOR VEHICLE THEFT,2017,65
212,85014.0,AGGRAVATED ASSAULT,2016,59
213,85014.0,DRUG OFFENSE,2017,50
214,85014.0,ROBBERY,2017,45
215,85014.0,BURGLARY,2015,38
216,85014.0,ROBBERY,2016,37
217,85014.0,RAPE,2016,27
218,85014.0,RAPE,2017,24
219,85014.0,DRUG OFFENSE,2015,17
220,85014.0,MOTOR VEHICLE THEFT,2015,16
221,85014.0,AGGRAVATED ASSAULT,2015,8
222,85014.0,ROBBERY,2015,7
223,85014.0,ARSON,2017,4
224,85014.0,MURDER AND NON-NEGLIGENT MANSLAUGHTER,2016,3
225,85014.0,ARSON,2016,2
226,85014.0,RAPE,2015,2
227,85014.0,MURDER AND NON-NEGLIGENT MANSLAUGHTER,2017,1
228,85014.0,ARSON,2015,1
229,85015.0,LARCENY-THEFT,2016,1754
230,85015.0,LARCENY-THEFT,2017,1549
231,85015.0,BURGLARY,2016,611
232,85015.0,BURGLARY,2017,431
233,85015.0,DRUG OFFENSE,2016,321
234,85015.0,MOTOR VEHICLE THEFT,2016,317
235,85015.0,LARCENY-THEFT,2015,299
236,85015.0,AGGRAVATED ASSAULT,2017,241
237,85015.0,DRUG OFFENSE,2017,233
238,85015.0,MOTOR VEHICLE THEFT,2017,209
239,85015.0,AGGRAVATED ASSAULT,2016,208
240,85015.0,ROBBERY,2017,197
241,85015.0,ROBBERY,2016,173
242,85015.0,BURGLARY,2015,97
243,85015.0,MOTOR VEHICLE THEFT,2015,53
244,85015.0,RAPE,2016,37
245,85015.0,RAPE,2017,36
246,85015.0,ROBBERY,2015,36
247,85015.0,DRUG OFFENSE,2015,29
248,85015.0,AGGRAVATED ASSAULT,2015,25
249,85015.0,ARSON,2017,22
250,85015.0,ARSON,2016,19
251,85015.0,MURDER AND NON-NEGLIGENT MANSLAUGHTER,2017,9
252,85015.0,MURDER AND NON-NEGLIGENT MANSLAUGHTER,2016,7
253,85015.0,RAPE,2015,7
254,85015.0,MURDER AND NON-NEGLIGENT MANSLAUGHTER,2015,3
255,85016.0,LARCENY-THEFT,2016,1138
256,85016.0,LARCENY-THEFT,2017,870
257,85016.0,BURGLARY,2016,302
258,85016.0,BURGLARY,2017,274
259,85016.0,LARCENY-THEFT,2015,198
260,85016.0,MOTOR VEHICLE THEFT,2016,172
261,85016.0,MOTOR VEHICLE THEFT,2017,143
262,85016.0,DRUG OFFENSE,2017,118
263,85016.0,DRUG OFFENSE,2016,98
264,85016.0,AGGRAVATED ASSAULT,2017,80
265,85016.0,AGGRAVATED ASSAULT,2016,79
266,85016.0,BURGLARY,2015,67
267,85016.0,ROBBERY,2016,65
268,85016.0,ROBBERY,2017,48
269,85016.0,RAPE,2016,32
270,85016.0,MOTOR VEHICLE THEFT,2015,23
271,85016.0,RAPE,2017,18
272,85016.0,DRUG OFFENSE,2015,13
273,85016.0,AGGRAVATED ASSAULT,2015,13
274,85016.0,ROBBERY,2015,12
275,85016.0,ARSON,2016,10
276,85016.0,ARSON,2017,9
277,85016.0,RAPE,2015,2
278,85016.0,MURDER AND NON-NEGLIGENT MANSLAUGHTER,2017,2
279,85016.0,MURDER AND NON-NEGLIGENT MANSLAUGHTER,2016,1
280,85017.0,LARCENY-THEFT,2017,1069
281,85017.0,LARCENY-THEFT,2016,1067
282,85017.0,BURGLARY,2016,407
283,85017.0,BURGLARY,2017,353
284,85017.0,MOTOR VEHICLE THEFT,2016,322
285,85017.0,DRUG OFFENSE,2016,294
286,85017.0,DRUG OFFENSE,2017,277
287,85017.0,MOTOR VEHICLE THEFT,2017,243
288,85017.0,AGGRAVATED ASSAULT,2017,240
289,85017.0,AGGRAVATED ASSAULT,2016,206
290,85017.0,ROBBERY,2017,181
291,85017.0,LARCENY-THEFT,2015,175
292,85017.0,ROBBERY,2016,162
293,85017.0,MOTOR VEHICLE THEFT,2015,64
294,85017.0,BURGLARY,2015,63
295,85017.0,DRUG OFFENSE,2015,48
296,85017.0,RAPE,2017,45
297,85017.0,RAPE,2016,37
298,85017.0,AGGRAVATED ASSAULT,2015,26
299,85017.0,ROBBERY,2015,25
300,85017.0,ARSON,2016,11
301,85017.0,ARSON,2017,9
302,85017.0,MURDER AND NON-NEGLIGENT MANSLAUGHTER,2016,6
303,85017.0,RAPE,2015,4
304,85017.0,MURDER AND NON-NEGLIGENT MANSLAUGHTER,2017,4
305,85017.0,MURDER AND NON-NEGLIGENT MANSLAUGHTER,2015,2
306,85017.0,ARSON,2015,1
307,85018.0,LARCENY-THEFT,2016,725
308,85018.0,LARCENY-THEFT,2017,519
309,85018.0,BURGLARY,2016,311
310,85018.0,BURGLARY,2017,263
311,85018.0,MOTOR VEHICLE THEFT,2016,136
312,85018.0,DRUG OFFENSE,2016,100
313,85018.0,LARCENY-THEFT,2015,98
314,85018.0,MOTOR VEHICLE THEFT,2017,81
315,85018.0,AGGRAVATED ASSAULT,2017,79
316,85018.0,DRUG OFFENSE,2017,75
317,85018.0,AGGRAVATED ASSAULT,2016,67
318,85018.0,BURGLARY,2015,61
319,85018.0,ROBBERY,2016,33
320,85018.0,ROBBERY,2017,32
321,85018.0,MOTOR VEHICLE THEFT,2015,20
322,85018.0,RAPE,2016,12
323,85018.0,AGGRAVATED ASSAULT,2015,11
324,85018.0,RAPE,2017,10
325,85018.0,DRUG OFFENSE,2015,10
326,85018.0,ROBBERY,2015,5
327,85018.0,ARSON,2016,5
328,85018.0,ARSON,2017,3
329,85018.0,MURDER AND NON-NEGLIGENT MANSLAUGHTER,2016,1
330,85019.0,LARCENY-THEFT,2016,529
331,85019.0,LARCENY-THEFT,2017,482
332,85019.0,BURGLARY,2016,394
333,85019.0,BURGLARY,2017,311
334,85019.0,MOTOR VEHICLE THEFT,2016,216
335,85019.0,MOTOR VEHICLE THEFT,2017,180
336,85019.0,AGGRAVATED ASSAULT,2016,134
337,85019.0,DRUG OFFENSE,2017,121
338,85019.0,DRUG OFFENSE,2016,111
339,85019.0,AGGRAVATED ASSAULT,2017,108
340,85019.0,ROBBERY,2016,89
341,85019.0,LARCENY-THEFT,2015,83
342,85019.0,BURGLARY,2015,82
343,85019.0,ROBBERY,2017,72
344,85019.0,MOTOR VEHICLE THEFT,2015,47
345,85019.0,RAPE,2016,24
346,85019.0,DRUG OFFENSE,2015,17
347,85019.0,RAPE,2017,16
348,85019.0,AGGRAVATED ASSAULT,2015,15
349,85019.0,ARSON,2017,13
350,85019.0,ROBBERY,2015,7
351,85019.0,ARSON,2016,5
352,85019.0,RAPE,2015,4
353,85019.0,MURDER AND NON-NEGLIGENT MANSLAUGHTER,2016,2
354,85019.0,MURDER AND NON-NEGLIGENT MANSLAUGHTER,2017,1
355,85019.0,MURDER AND NON-NEGLIGENT MANSLAUGHTER,2015,1
356,85020.0,LARCENY-THEFT,2016,746
357,85020.0,LARCENY-THEFT,2017,638
358,85020.0,BURGLARY,2016,281
359,85020.0,BURGLARY,2017,244
360,85020.0,MOTOR VEHICLE THEFT,2016,133
361,85020.0,MOTOR VEHICLE THEFT,2017,118
362,85020.0,AGGRAVATED ASSAULT,2017,115
363,85020.0,AGGRAVATED ASSAULT,2016,86
364,85020.0,DRUG OFFENSE,2017,83
365,85020.0,LARCENY-THEFT,2015,82
366,85020.0,DRUG OFFENSE,2016,69
367,85020.0,ROBBERY,2017,40
368,85020.0,BURGLARY,2015,37
369,85020.0,ROBBERY,2016,34
370,85020.0,RAPE,2016,23
371,85020.0,MOTOR VEHICLE THEFT,2015,23
372,85020.0,RAPE,2017,23
373,85020.0,ARSON,2017,12
374,85020.0,AGGRAVATED ASSAULT,2015,12
375,85020.0,DRUG OFFENSE,2015,8
376,85020.0,ARSON,2016,7
377,85020.0,ROBBERY,2015,6
378,85020.0,RAPE,2015,4
379,85020.0,MURDER AND NON-NEGLIGENT MANSLAUGHTER,2016,3
380,85020.0,MURDER AND NON-NEGLIGENT MANSLAUGHTER,2017,2
381,85021.0,LARCENY-THEFT,2016,996
382,85021.0,LARCENY-THEFT,2017,935
383,85021.0,BURGLARY,2016,348
384,85021.0,BURGLARY,2017,326
385,85021.0,MOTOR VEHICLE THEFT,2016,224
386,85021.0,DRUG OFFENSE,2017,212
387,85021.0,DRUG OFFENSE,2016,205
388,85021.0,MOTOR VEHICLE THEFT,2017,176
389,85021.0,AGGRAVATED ASSAULT,2017,163
390,85021.0,AGGRAVATED ASSAULT,2016,147
391,85021.0,LARCENY-THEFT,2015,141
392,85021.0,ROBBERY,2017,94
393,85021.0,ROBBERY,2016,86
394,85021.0,BURGLARY,2015,54
395,85021.0,RAPE,2017,24
396,85021.0,MOTOR VEHICLE THEFT,2015,23
397,85021.0,RAPE,2016,21
398,85021.0,AGGRAVATED ASSAULT,2015,19
399,85021.0,ROBBERY,2015,16
400,85021.0,ARSON,2017,9
401,85021.0,DRUG OFFENSE,2015,8
402,85021.0,MURDER AND NON-NEGLIGENT MANSLAUGHTER,2017,7
403,85021.0,ARSON,2016,5
404,85021.0,RAPE,2015,5
405,85021.0,MURDER AND NON-NEGLIGENT MANSLAUGHTER,2016,3
406,85021.0,ARSON,2015,2
407,85022.0,LARCENY-THEFT,2016,1050
408,85022.0,LARCENY-THEFT,2017,929
409,85022.0,BURGLARY,2016,281
410,85022.0,BURGLARY,2017,226
411,85022.0,MOTOR VEHICLE THEFT,2016,192
412,85022.0,LARCENY-THEFT,2015,149
413,85022.0,MOTOR VEHICLE THEFT,2017,108
414,85022.0,AGGRAVATED ASSAULT,2017,107
415,85022.0,DRUG OFFENSE,2017,100
416,85022.0,AGGRAVATED ASSAULT,2016,92
417,85022.0,DRUG OFFENSE,2016,82
418,85022.0,BURGLARY,2015,59
419,85022.0,ROBBERY,2017,49
420,85022.0,ROBBERY,2016,37
421,85022.0,MOTOR VEHICLE THEFT,2015,31
422,85022.0,RAPE,2017,21
423,85022.0,RAPE,2016,14
424,85022.0,AGGRAVATED ASSAULT,2015,14
425,85022.0,ARSON,2016,7
426,85022.0,DRUG OFFENSE,2015,6
427,85022.0,ROBBERY,2015,5
428,85022.0,ARSON,2017,5
429,85022.0,RAPE,2015,2
430,85022.0,MURDER AND NON-NEGLIGENT MANSLAUGHTER,2017,2
431,85022.0,MURDER AND NON-NEGLIGENT MANSLAUGHTER,2016,2
432,85022.0,ARSON,2015,1
433,85023.0,LARCENY-THEFT,2016,1251
434,85023.0,LARCENY-THEFT,2017,929
435,85023.0,BURGLARY,2016,234
436,85023.0,BURGLARY,2017,217
437,85023.0,DRUG OFFENSE,2016,213
438,85023.0,LARCENY-THEFT,2015,182
439,85023.0,DRUG OFFENSE,2017,166
440,85023.0,MOTOR VEHICLE THEFT,2016,155
441,85023.0,MOTOR VEHICLE THEFT,2017,134
442,85023.0,AGGRAVATED ASSAULT,2016,84
443,85023.0,AGGRAVATED ASSAULT,2017,78
444,85023.0,ROBBERY,2016,46
445,85023.0,BURGLARY,2015,45
446,85023.0,ROBBERY,2017,43
447,85023.0,DRUG OFFENSE,2015,42
448,85023.0,RAPE,2016,24
449,85023.0,AGGRAVATED ASSAULT,2015,22
450,85023.0,MOTOR VEHICLE THEFT,2015,17
451,85023.0,RAPE,2017,14
452,85023.0,ROBBERY,2015,8
453,85023.0,ARSON,2017,8
454,85023.0,ARSON,2016,5
455,85023.0,MURDER AND NON-NEGLIGENT MANSLAUGHTER,2016,3
456,85023.0,ARSON,2015,2
457,85023.0,MURDER AND NON-NEGLIGENT MANSLAUGHTER,2017,1
458,85024.0,LARCENY-THEFT,2016,233
459,85024.0,LARCENY-THEFT,2017,225
460,85024.0,BURGLARY,2016,99
461,85024.0,BURGLARY,2017,78
462,85024.0,MOTOR VEHICLE THEFT,2016,41
463,85024.0,LARCENY-THEFT,2015,37
464,85024.0,MOTOR VEHICLE THEFT,2017,36
465,85024.0,DRUG OFFENSE,2016,29
466,85024.0,BURGLARY,2015,28
467,85024.0,DRUG OFFENSE,2017,25
468,85024.0,AGGRAVATED ASSAULT,2017,21
469,85024.0,AGGRAVATED ASSAULT,2016,18
470,85024.0,MOTOR VEHICLE THEFT,2015,16
471,85024.0,ROBBERY,2017,8
472,85024.0,ROBBERY,2016,8
473,85024.0,AGGRAVATED ASSAULT,2015,5
474,85024.0,RAPE,2016,4
475,85024.0,MURDER AND NON-NEGLIGENT MANSLAUGHTER,2017,4
476,85024.0,RAPE,2017,4
477,85024.0,ARSON,2017,4
478,85024.0,DRUG OFFENSE,2015,3
479,85024.0,RAPE,2015,1
480,85024.0,ARSON,2016,1
481,85027.0,LARCENY-THEFT,2016,854
482,85027.0,LARCENY-THEFT,2017,722
483,85027.0,BURGLARY,2016,229
484,85027.0,MOTOR VEHICLE THEFT,2016,159
485,85027.0,BURGLARY,2017,149
486,85027.0,LARCENY-THEFT,2015,129
487,85027.0,MOTOR VEHICLE THEFT,2017,111
488,85027.0,DRUG OFFENSE,2017,99
489,85027.0,DRUG OFFENSE,2016,92
490,85027.0,AGGRAVATED ASSAULT,2017,90
491,85027.0,AGGRAVATED ASSAULT,2016,61
492,85027.0,BURGLARY,2015,40
493,85027.0,ROBBERY,2016,27
494,85027.0,ROBBERY,2017,25
495,85027.0,RAPE,2017,24
496,85027.0,MOTOR VEHICLE THEFT,2015,20
497,85027.0,DRUG OFFENSE,2015,18
498,85027.0,RAPE,2016,18
499,85027.0,AGGRAVATED ASSAULT,2015,10
500,85027.0,ARSON,2016,5
501,85027.0,ARSON,2017,5
502,85027.0,RAPE,2015,3
503,85027.0,MURDER AND NON-NEGLIGENT MANSLAUGHTER,2017,3
504,85027.0,ARSON,2015,1
505,85028.0,LARCENY-THEFT,2016,200
506,85028.0,LARCENY-THEFT,2017,192
507,85028.0,BURGLARY,2016,108
508,85028.0,BURGLARY,2017,83
509,85028.0,LARCENY-THEFT,2015,34
510,85028.0,MOTOR VEHICLE THEFT,2017,16
511,85028.0,MOTOR VEHICLE THEFT,2016,15
512,85028.0,AGGRAVATED ASSAULT,2016,15
513,85028.0,BURGLARY,2015,13
514,85028.0,DRUG OFFENSE,2017,12
515,85028.0,DRUG OFFENSE,2016,12
516,85028.0,AGGRAVATED ASSAULT,2017,9
517,85028.0,ROBBERY,2016,9
518,85028.0,ROBBERY,2017,7
519,85028.0,ARSON,2017,5
520,85028.0,AGGRAVATED ASSAULT,2015,4
521,85028.0,RAPE,2017,3
522,85028.0,RAPE,2016,3
523,85028.0,MOTOR VEHICLE THEFT,2015,2
524,85028.0,ARSON,2016,1
525,85028.0,RAPE,2015,1
526,85029.0,LARCENY-THEFT,2016,1063
527,85029.0,LARCENY-THEFT,2017,867
528,85029.0,BURGLARY,2017,330
529,85029.0,BURGLARY,2016,324
530,85029.0,MOTOR VEHICLE THEFT,2016,220
531,85029.0,MOTOR VEHICLE THEFT,2017,193
532,85029.0,LARCENY-THEFT,2015,183
533,85029.0,DRUG OFFENSE,2017,171
534,85029.0,DRUG OFFENSE,2016,147
535,85029.0,AGGRAVATED ASSAULT,2017,134
536,85029.0,AGGRAVATED ASSAULT,2016,124
537,85029.0,BURGLARY,2015,63
538,85029.0,ROBBERY,2017,58
539,85029.0,ROBBERY,2016,57
540,85029.0,MOTOR VEHICLE THEFT,2015,40
541,85029.0,RAPE,2016,38
542,85029.0,DRUG OFFENSE,2015,28
543,85029.0,RAPE,2017,20
544,85029.0,AGGRAVATED ASSAULT,2015,13
545,85029.0,ARSON,2017,11
546,85029.0,ROBBERY,2015,10
547,85029.0,RAPE,2015,6
548,85029.0,ARSON,2016,5
549,85029.0,MURDER AND NON-NEGLIGENT MANSLAUGHTER,2016,4
550,85029.0,ARSON,2015,2
551,85029.0,MURDER AND NON-NEGLIGENT MANSLAUGHTER,2015,2
552,85029.0,MURDER AND NON-NEGLIGENT MANSLAUGHTER,2017,2
553,85031.0,LARCENY-THEFT,2017,606
554,85031.0,LARCENY-THEFT,2016,600
555,85031.0,BURGLARY,2016,229
556,85031.0,BURGLARY,2017,222
557,85031.0,MOTOR VEHICLE THEFT,2016,207
558,85031.0,MOTOR VEHICLE THEFT,2017,167
559,85031.0,LARCENY-THEFT,2015,139
560,85031.0,AGGRAVATED ASSAULT,2017,122
561,85031.0,AGGRAVATED ASSAULT,2016,108
562,85031.0,ROBBERY,2017,106
563,85031.0,DRUG OFFENSE,2016,100
564,85031.0,ROBBERY,2016,84
565,85031.0,DRUG OFFENSE,2017,79
566,85031.0,BURGLARY,2015,56
567,85031.0,MOTOR VEHICLE THEFT,2015,32
568,85031.0,RAPE,2017,31
569,85031.0,AGGRAVATED ASSAULT,2015,19
570,85031.0,DRUG OFFENSE,2015,18
571,85031.0,RAPE,2016,17
572,85031.0,ARSON,2017,8
573,85031.0,MURDER AND NON-NEGLIGENT MANSLAUGHTER,2016,8
574,85031.0,ARSON,2016,7
575,85031.0,ROBBERY,2015,7
576,85031.0,RAPE,2015,6
577,85031.0,ARSON,2015,1
578,85031.0,MURDER AND NON-NEGLIGENT MANSLAUGHTER,2015,1
579,85031.0,MURDER AND NON-NEGLIGENT MANSLAUGHTER,2017,1
580,85032.0,LARCENY-THEFT,2016,1207
581,85032.0,LARCENY-THEFT,2017,1113
582,85032.0,BURGLARY,2016,322
583,85032.0,BURGLARY,2017,273
584,85032.0,LARCENY-THEFT,2015,206
585,85032.0,MOTOR VEHICLE THEFT,2016,156
586,85032.0,MOTOR VEHICLE THEFT,2017,146
587,85032.0,AGGRAVATED ASSAULT,2017,140
588,85032.0,DRUG OFFENSE,2017,135
589,85032.0,DRUG OFFENSE,2016,124
590,85032.0,AGGRAVATED ASSAULT,2016,110
591,85032.0,ROBBERY,2017,70
592,85032.0,ROBBERY,2016,58
593,85032.0,BURGLARY,2015,51
594,85032.0,RAPE,2017,44
595,85032.0,MOTOR VEHICLE THEFT,2015,25
596,85032.0,RAPE,2016,24
597,85032.0,DRUG OFFENSE,2015,20
598,85032.0,AGGRAVATED ASSAULT,2015,18
599,85032.0,ARSON,2016,12
600,85032.0,ROBBERY,2015,11
601,85032.0,ARSON,2017,10
602,85032.0,MURDER AND NON-NEGLIGENT MANSLAUGHTER,2017,7
603,85032.0,MURDER AND NON-NEGLIGENT MANSLAUGHTER,2016,5
604,85032.0,RAPE,2015,2
605,85033.0,LARCENY-THEFT,2017,770
606,85033.0,LARCENY-THEFT,2016,735
607,85033.0,BURGLARY,2016,455
608,85033.0,BURGLARY,2017,406
609,85033.0,MOTOR VEHICLE THEFT,2016,383
610,85033.0,MOTOR VEHICLE THEFT,2017,287
611,85033.0,AGGRAVATED ASSAULT,2016,173
612,85033.0,AGGRAVATED ASSAULT,2017,164
613,85033.0,DRUG OFFENSE,2017,132
614,85033.0,DRUG OFFENSE,2016,124
615,85033.0,ROBBERY,2016,119
616,85033.0,ROBBERY,2017,114
617,85033.0,LARCENY-THEFT,2015,107
618,85033.0,BURGLARY,2015,86
619,85033.0,MOTOR VEHICLE THEFT,2015,54
620,85033.0,RAPE,2016,23
621,85033.0,AGGRAVATED ASSAULT,2015,21
622,85033.0,RAPE,2017,20
623,85033.0,ARSON,2017,14
624,85033.0,ROBBERY,2015,13
625,85033.0,DRUG OFFENSE,2015,11
626,85033.0,ARSON,2016,11
627,85033.0,RAPE,2015,10
628,85033.0,MURDER AND NON-NEGLIGENT MANSLAUGHTER,2017,7
629,85033.0,MURDER AND NON-NEGLIGENT MANSLAUGHTER,2016,7
630,85033.0,MURDER AND NON-NEGLIGENT MANSLAUGHTER,2015,1
631,85034.0,LARCENY-THEFT,2016,655
632,85034.0,LARCENY-THEFT,2017,631
633,85034.0,MOTOR VEHICLE THEFT,2016,155
634,85034.0,DRUG OFFENSE,2016,150
635,85034.0,MOTOR VEHICLE THEFT,2017,143
636,85034.0,DRUG OFFENSE,2017,133
637,85034.0,BURGLARY,2016,130
638,85034.0,BURGLARY,2017,116
639,85034.0,LARCENY-THEFT,2015,102
640,85034.0,AGGRAVATED ASSAULT,2017,94
641,85034.0,AGGRAVATED ASSAULT,2016,90
642,85034.0,ROBBERY,2017,65
643,85034.0,ROBBERY,2016,54
644,85034.0,RAPE,2016,21
645,85034.0,MOTOR VEHICLE THEFT,2015,20
646,85034.0,DRUG OFFENSE,2015,19
647,85034.0,BURGLARY,2015,18
648,85034.0,RAPE,2017,17
649,85034.0,ROBBERY,2015,9
650,85034.0,AGGRAVATED ASSAULT,2015,8
651,85034.0,ARSON,2017,6
652,85034.0,ARSON,2016,4
653,85034.0,MURDER AND NON-NEGLIGENT MANSLAUGHTER,2017,2
654,85034.0,RAPE,2015,2
655,85034.0,ARSON,2015,2
656,85034.0,MURDER AND NON-NEGLIGENT MANSLAUGHTER,2016,2
657,85035.0,LARCENY-THEFT,2017,1074
658,85035.0,LARCENY-THEFT,2016,983
659,85035.0,BURGLARY,2016,369
660,85035.0,BURGLARY,2017,340
661,85035.0,MOTOR VEHICLE THEFT,2016,318
662,85035.0,MOTOR VEHICLE THEFT,2017,308
663,85035.0,LARCENY-THEFT,2015,184
664,85035.0,DRUG OFFENSE,2016,172
665,85035.0,AGGRAVATED ASSAULT,2016,168
666,85035.0,AGGRAVATED ASSAULT,2017,166
667,85035.0,DRUG OFFENSE,2017,141
668,85035.0,ROBBERY,2017,123
669,85035.0,ROBBERY,2016,118
670,85035.0,MOTOR VEHICLE THEFT,2015,73
671,85035.0,BURGLARY,2015,69
672,85035.0,AGGRAVATED ASSAULT,2015,31
673,85035.0,ROBBERY,2015,18
674,85035.0,DRUG OFFENSE,2015,16
675,85035.0,RAPE,2016,16
676,85035.0,RAPE,2017,14
677,85035.0,ARSON,2016,12
678,85035.0,ARSON,2017,7
679,85035.0,RAPE,2015,7
680,85035.0,MURDER AND NON-NEGLIGENT MANSLAUGHTER,2016,7
681,85035.0,MURDER AND NON-NEGLIGENT MANSLAUGHTER,2017,4
682,85035.0,ARSON,2015,1
683,85037.0,LARCENY-THEFT,2016,606
684,85037.0,LARCENY-THEFT,2017,599
685,85037.0,BURGLARY,2016,399
686,85037.0,BURGLARY,2017,340
687,85037.0,MOTOR VEHICLE THEFT,2016,187
688,85037.0,MOTOR VEHICLE THEFT,2017,182
689,85037.0,AGGRAVATED ASSAULT,2017,119
690,85037.0,AGGRAVATED ASSAULT,2016,101
691,85037.0,DRUG OFFENSE,2017,65
692,85037.0,LARCENY-THEFT,2015,61
693,85037.0,DRUG OFFENSE,2016,59
694,85037.0,ROBBERY,2017,57
695,85037.0,ROBBERY,2016,52
696,85037.0,BURGLARY,2015,49
697,85037.0,MOTOR VEHICLE THEFT,2015,28
698,85037.0,RAPE,2016,28
699,85037.0,RAPE,2017,20
700,85037.0,DRUG OFFENSE,2015,15
701,85037.0,ROBBERY,2015,10
702,85037.0,ARSON,2017,8
703,85037.0,AGGRAVATED ASSAULT,2015,8
704,85037.0,ARSON,2016,5
705,85037.0,MURDER AND NON-NEGLIGENT MANSLAUGHTER,2015,2
706,85037.0,MURDER AND NON-NEGLIGENT MANSLAUGHTER,2017,2
707,85037.0,RAPE,2015,1
708,85040.0,LARCENY-THEFT,2016,777
709,85040.0,LARCENY-THEFT,2017,675
710,85040.0,BURGLARY,2016,408
711,85040.0,BURGLARY,2017,343
712,85040.0,MOTOR VEHICLE THEFT,2016,253
713,85040.0,MOTOR VEHICLE THEFT,2017,181
714,85040.0,AGGRAVATED ASSAULT,2017,163
715,85040.0,AGGRAVATED ASSAULT,2016,160
716,85040.0,DRUG OFFENSE,2016,143
717,85040.0,DRUG OFFENSE,2017,132
718,85040.0,LARCENY-THEFT,2015,112
719,85040.0,ROBBERY,2016,99
720,85040.0,ROBBERY,2017,92
721,85040.0,BURGLARY,2015,72
722,85040.0,MOTOR VEHICLE THEFT,2015,40
723,85040.0,AGGRAVATED ASSAULT,2015,23
724,85040.0,RAPE,2017,20
725,85040.0,RAPE,2016,16
726,85040.0,DRUG OFFENSE,2015,14
727,85040.0,ARSON,2016,13
728,85040.0,ROBBERY,2015,12
729,85040.0,ARSON,2017,11
730,85040.0,MURDER AND NON-NEGLIGENT MANSLAUGHTER,2016,5
731,85040.0,RAPE,2015,4
732,85040.0,MURDER AND NON-NEGLIGENT MANSLAUGHTER,2017,3
733,85040.0,ARSON,2015,1
734,85041.0,LARCENY-THEFT,2016,1187
735,85041.0,LARCENY-THEFT,2017,1135
736,85041.0,BURGLARY,2016,576
737,85041.0,BURGLARY,2017,492
738,85041.0,MOTOR VEHICLE THEFT,2016,399
739,85041.0,MOTOR VEHICLE THEFT,2017,323
740,85041.0,LARCENY-THEFT,2015,223
741,85041.0,AGGRAVATED ASSAULT,2017,215
742,85041.0,AGGRAVATED ASSAULT,2016,191
743,85041.0,DRUG OFFENSE,2017,120
744,85041.0,ROBBERY,2017,102
745,85041.0,DRUG OFFENSE,2016,95
746,85041.0,ROBBERY,2016,87
747,85041.0,BURGLARY,2015,87
748,85041.0,MOTOR VEHICLE THEFT,2015,75
749,85041.0,RAPE,2016,33
750,85041.0,RAPE,2017,28
751,85041.0,AGGRAVATED ASSAULT,2015,23
752,85041.0,ARSON,2016,16
753,85041.0,ROBBERY,2015,16
754,85041.0,ARSON,2017,15
755,85041.0,DRUG OFFENSE,2015,14
756,85041.0,MURDER AND NON-NEGLIGENT MANSLAUGHTER,2016,6
757,85041.0,MURDER AND NON-NEGLIGENT MANSLAUGHTER,2017,5
758,85041.0,RAPE,2015,4
759,85041.0,MURDER AND NON-NEGLIGENT MANSLAUGHTER,2015,3
760,85041.0,ARSON,2015,1
761,85042.0,LARCENY-THEFT,2016,939
762,85042.0,LARCENY-THEFT,2017,791
763,85042.0,BURGLARY,2016,377
764,85042.0,BURGLARY,2017,292
765,85042.0,LARCENY-THEFT,2015,189
766,85042.0,MOTOR VEHICLE THEFT,2016,182
767,85042.0,MOTOR VEHICLE THEFT,2017,149
768,85042.0,AGGRAVATED ASSAULT,2017,101
769,85042.0,AGGRAVATED ASSAULT,2016,97
770,85042.0,ROBBERY,2017,79
771,85042.0,ROBBERY,2016,67
772,85042.0,DRUG OFFENSE,2017,61
773,85042.0,BURGLARY,2015,50
774,85042.0,DRUG OFFENSE,2016,49
775,85042.0,MOTOR VEHICLE THEFT,2015,36
776,85042.0,RAPE,2017,24
777,85042.0,RAPE,2016,22
778,85042.0,ROBBERY,2015,17
779,85042.0,AGGRAVATED ASSAULT,2015,16
780,85042.0,DRUG OFFENSE,2015,10
781,85042.0,ARSON,2016,8
782,85042.0,ARSON,2017,8
783,85042.0,MURDER AND NON-NEGLIGENT MANSLAUGHTER,2017,4
784,85042.0,MURDER AND NON-NEGLIGENT MANSLAUGHTER,2016,3
785,85042.0,MURDER AND NON-NEGLIGENT MANSLAUGHTER,2015,1
786,85042.0,RAPE,2015,1
787,85043.0,LARCENY-THEFT,2017,965
788,85043.0,LARCENY-THEFT,2016,895
789,85043.0,BURGLARY,2017,369
790,85043.0,BURGLARY,2016,363
791,85043.0,MOTOR VEHICLE THEFT,2016,295
792,85043.0,MOTOR VEHICLE THEFT,2017,284
793,85043.0,AGGRAVATED ASSAULT,2016,160
794,85043.0,AGGRAVATED ASSAULT,2017,158
795,85043.0,LARCENY-THEFT,2015,137
796,85043.0,DRUG OFFENSE,2016,131
797,85043.0,DRUG OFFENSE,2017,124
798,85043.0,ROBBERY,2017,106
799,85043.0,ROBBERY,2016,89
800,85043.0,BURGLARY,2015,59
801,85043.0,MOTOR VEHICLE THEFT,2015,48
802,85043.0,RAPE,2017,23
803,85043.0,AGGRAVATED ASSAULT,2015,23
804,85043.0,DRUG OFFENSE,2015,22
805,85043.0,RAPE,2016,20
806,85043.0,ARSON,2016,12
807,85043.0,ROBBERY,2015,11
808,85043.0,MURDER AND NON-NEGLIGENT MANSLAUGHTER,2017,7
809,85043.0,MURDER AND NON-NEGLIGENT MANSLAUGHTER,2016,7
810,85043.0,RAPE,2015,6
811,85043.0,ARSON,2017,4
812,85043.0,MURDER AND NON-NEGLIGENT MANSLAUGHTER,2015,2
813,85044.0,LARCENY-THEFT,2016,633
814,85044.0,LARCENY-THEFT,2017,523
815,85044.0,BURGLARY,2017,145
816,85044.0,BURGLARY,2016,136
817,85044.0,LARCENY-THEFT,2015,91
818,85044.0,MOTOR VEHICLE THEFT,2017,83
819,85044.0,MOTOR VEHICLE THEFT,2016,77
820,85044.0,AGGRAVATED ASSAULT,2017,33
821,85044.0,ROBBERY,2017,31
822,85044.0,DRUG OFFENSE,2017,26
823,85044.0,BURGLARY,2015,24
824,85044.0,AGGRAVATED ASSAULT,2016,24
825,85044.0,DRUG OFFENSE,2016,18
826,85044.0,ROBBERY,2016,15
827,85044.0,RAPE,2016,14
828,85044.0,MOTOR VEHICLE THEFT,2015,11
829,85044.0,RAPE,2017,10
830,85044.0,AGGRAVATED ASSAULT,2015,7
831,85044.0,DRUG OFFENSE,2015,6
832,85044.0,ARSON,2017,4
833,85044.0,ROBBERY,2015,4
834,85044.0,ARSON,2016,3
835,85044.0,MURDER AND NON-NEGLIGENT MANSLAUGHTER,2017,2
836,85044.0,RAPE,2015,1
837,85045.0,LARCENY-THEFT,2017,17
838,85045.0,LARCENY-THEFT,2016,15
839,85045.0,BURGLARY,2016,10
840,85045.0,BURGLARY,2017,9
841,85045.0,MOTOR VEHICLE THEFT,2017,3
842,85045.0,LARCENY-THEFT,2015,3
843,85045.0,AGGRAVATED ASSAULT,2017,3
844,85045.0,RAPE,2017,1
845,85045.0,ROBBERY,2016,1
846,85045.0,RAPE,2015,1
847,85045.0,AGGRAVATED ASSAULT,2016,1
848,85045.0,ARSON,2016,1
849,85045.0,ARSON,2017,1
850,85045.0,BURGLARY,2015,1
851,85045.0,DRUG OFFENSE,2015,1
852,85045.0,DRUG OFFENSE,2016,1
853,85045.0,DRUG OFFENSE,2017,1
854,85045.0,MOTOR VEHICLE THEFT,2016,1
855,85045.0,MURDER AND NON-NEGLIGENT MANSLAUGHTER,2017,1
856,85048.0,LARCENY-THEFT,2017,241
857,85048.0,LARCENY-THEFT,2016,211
858,85048.0,BURGLARY,2017,80
859,85048.0,BURGLARY,2016,78
860,85048.0,LARCENY-THEFT,2015,43
861,85048.0,MOTOR VEHICLE THEFT,2017,32
862,85048.0,MOTOR VEHICLE THEFT,2016,29
863,85048.0,AGGRAVATED ASSAULT,2017,28
864,85048.0,BURGLARY,2015,24
865,85048.0,DRUG OFFENSE,2017,15
866,85048.0,AGGRAVATED ASSAULT,2016,14
867,85048.0,DRUG OFFENSE,2016,13
868,85048.0,RAPE,2017,8
869,85048.0,ROBBERY,2016,8
870,85048.0,RAPE,2016,7
871,85048.0,MOTOR VEHICLE THEFT,2015,5
872,85048.0,DRUG OFFENSE,2015,4
873,85048.0,ROBBERY,2017,4
874,85048.0,ARSON,2016,4
875,85048.0,RAPE,2015,3
876,85048.0,AGGRAVATED ASSAULT,2015,2
877,85048.0,ARSON,2017,1
878,85050.0,LARCENY-THEFT,2016,301
879,85050.0,LARCENY-THEFT,2017,260
880,85050.0,BURGLARY,2017,123
881,85050.0,BURGLARY,2016,108
882,85050.0,LARCENY-THEFT,2015,64
883,85050.0,MOTOR VEHICLE THEFT,2016,33
884,85050.0,DRUG OFFENSE,2016,31
885,85050.0,DRUG OFFENSE,2017,30
886,85050.0,BURGLARY,2015,19
887,85050.0,AGGRAVATED ASSAULT,2017,17
888,85050.0,MOTOR VEHICLE THEFT,2017,16
889,85050.0,RAPE,2017,11
890,85050.0,AGGRAVATED ASSAULT,2016,10
891,85050.0,ROBBERY,2017,4
892,85050.0,ROBBERY,2016,3
893,85050.0,RAPE,2016,3
894,85050.0,MOTOR VEHICLE THEFT,2015,3
895,85050.0,DRUG OFFENSE,2015,3
896,85050.0,ARSON,2017,2
897,85050.0,ARSON,2016,2
898,85050.0,AGGRAVATED ASSAULT,2015,1
899,85050.0,MURDER AND NON-NEGLIGENT MANSLAUGHTER,2017,1
900,85050.0,ROBBERY,2015,1
901,85051.0,LARCENY-THEFT,2016,1276
902,85051.0,LARCENY-THEFT,2017,1096
903,85051.0,BURGLARY,2016,483
904,85051.0,BURGLARY,2017,408
905,85051.0,MOTOR VEHICLE THEFT,2016,283
906,85051.0,DRUG OFFENSE,2016,254
907,85051.0,LARCENY-THEFT,2015,212
908,85051.0,MOTOR VEHICLE THEFT,2017,209
909,85051.0,DRUG OFFENSE,2017,184
910,85051.0,AGGRAVATED ASSAULT,2017,182
911,85051.0,AGGRAVATED ASSAULT,2016,178
912,85051.0,ROBBERY,2016,135
913,85051.0,ROBBERY,2017,116
914,85051.0,BURGLARY,2015,104
915,85051.0,RAPE,2017,47
916,85051.0,MOTOR VEHICLE THEFT,2015,46
917,85051.0,RAPE,2016,40
918,85051.0,DRUG OFFENSE,2015,30
919,85051.0,AGGRAVATED ASSAULT,2015,25
920,85051.0,ARSON,2017,17
921,85051.0,ROBBERY,2015,13
922,85051.0,ARSON,2016,8
923,85051.0,MURDER AND NON-NEGLIGENT MANSLAUGHTER,2017,6
924,85051.0,ARSON,2015,5
925,85051.0,RAPE,2015,4
926,85051.0,MURDER AND NON-NEGLIGENT MANSLAUGHTER,2016,3
927,85053.0,LARCENY-THEFT,2016,504
928,85053.0,LARCENY-THEFT,2017,465
929,85053.0,BURGLARY,2016,171
930,85053.0,BURGLARY,2017,162
931,85053.0,MOTOR VEHICLE THEFT,2016,106
932,85053.0,MOTOR VEHICLE THEFT,2017,96
933,85053.0,AGGRAVATED ASSAULT,2016,73
934,85053.0,LARCENY-THEFT,2015,71
935,85053.0,DRUG OFFENSE,2017,64
936,85053.0,AGGRAVATED ASSAULT,2017,61
937,85053.0,DRUG OFFENSE,2016,60
938,85053.0,BURGLARY,2015,44
939,85053.0,ROBBERY,2016,43
940,85053.0,ROBBERY,2017,25
941,85053.0,RAPE,2016,18
942,85053.0,MOTOR VEHICLE THEFT,2015,17
943,85053.0,DRUG OFFENSE,2015,14
944,85053.0,RAPE,2017,12
945,85053.0,AGGRAVATED ASSAULT,2015,11
946,85053.0,ARSON,2017,4
947,85053.0,ARSON,2016,4
948,85053.0,ARSON,2015,2
949,85053.0,ROBBERY,2015,2
950,85053.0,RAPE,2015,2
951,85053.0,MURDER AND NON-NEGLIGENT MANSLAUGHTER,2017,1
952,85053.0,MURDER AND NON-NEGLIGENT MANSLAUGHTER,2016,1
953,85054.0,LARCENY-THEFT,2016,191
954,85054.0,LARCENY-THEFT,2017,151
955,85054.0,BURGLARY,2017,29
956,85054.0,BURGLARY,2016,29
957,85054.0,LARCENY-THEFT,2015,26
958,85054.0,MOTOR VEHICLE THEFT,2017,14
959,85054.0,AGGRAVATED ASSAULT,2016,12
960,85054.0,MOTOR VEHICLE THEFT,2016,12
961,85054.0,DRUG OFFENSE,2017,7
962,85054.0,BURGLARY,2015,6
963,85054.0,RAPE,2017,5
964,85054.0,AGGRAVATED ASSAULT,2017,5
965,85054.0,DRUG OFFENSE,2016,5
966,85054.0,AGGRAVATED ASSAULT,2015,4
967,85054.0,MOTOR VEHICLE THEFT,2015,3
968,85054.0,ROBBERY,2016,3
969,85054.0,ROBBERY,2017,2
970,85054.0,RAPE,2016,2
971,85054.0,ARSON,2016,1
972,85083.0,LARCENY-THEFT,2016,121
973,85083.0,LARCENY-THEFT,2017,78
974,85083.0,BURGLARY,2016,44
975,85083.0,BURGLARY,2017,18
976,85083.0,LARCENY-THEFT,2015,14
977,85083.0,MOTOR VEHICLE THEFT,2016,10
978,85083.0,BURGLARY,2015,10
979,85083.0,AGGRAVATED ASSAULT,2016,8
980,85083.0,DRUG OFFENSE,2017,8
981,85083.0,AGGRAVATED ASSAULT,2017,6
982,85083.0,DRUG OFFENSE,2016,5
983,85083.0,MOTOR VEHICLE THEFT,2017,4
984,85083.0,ROBBERY,2016,3
985,85083.0,RAPE,2017,2
986,85083.0,ROBBERY,2017,1
987,85083.0,RAPE,2015,1
988,85085.0,LARCENY-THEFT,2016,320
989,85085.0,LARCENY-THEFT,2017,284
990,85085.0,LARCENY-THEFT,2015,66
991,85085.0,BURGLARY,2016,58
992,85085.0,BURGLARY,2017,57
993,85085.0,MOTOR VEHICLE THEFT,2017,22
994,85085.0,MOTOR VEHICLE THEFT,2016,22
995,85085.0,AGGRAVATED ASSAULT,2017,16
996,85085.0,DRUG OFFENSE,2017,12
997,85085.0,BURGLARY,2015,11
998,85085.0,DRUG OFFENSE,2016,11
999,85085.0,AGGRAVATED ASSAULT,2016,8
1000,85085.0,ROBBERY,2017,5
1001,85085.0,MOTOR VEHICLE THEFT,2015,4
1002,85085.0,RAPE,2017,4
1003,85085.0,DRUG OFFENSE,2015,3
1004,85085.0,ROBBERY,2016,2
1005,85085.0,ARSON,2016,2
1006,85085.0,AGGRAVATED ASSAULT,2015,2
1007,85086.0,LARCENY-THEFT,2017,118
1008,85086.0,LARCENY-THEFT,2016,117
1009,85086.0,LARCENY-THEFT,2015,26
1010,85086.0,BURGLARY,2017,19
1011,85086.0,BURGLARY,2016,18
1012,85086.0,MOTOR VEHICLE THEFT,2017,12
1013,85086.0,DRUG OFFENSE,2016,10
1014,85086.0,MOTOR VEHICLE THEFT,2016,9
1015,85086.0,AGGRAVATED ASSAULT,2017,7
1016,85086.0,AGGRAVATED ASSAULT,2016,5
1017,85086.0,ROBBERY,2017,3
1018,85086.0,DRUG OFFENSE,2015,3
1019,85086.0,ROBBERY,2016,2
1020,85086.0,RAPE,2017,2
1021,85086.0,RAPE,2016,2
1022,85086.0,BURGLARY,2015,2
1023,85086.0,DRUG OFFENSE,2017,2
1024,85086.0,ARSON,2016,1
1025,85086.0,ARSON,2017,1
1026,85086.0,ROBBERY,2015,1
1027,85086.0,MOTOR VEHICLE THEFT,2015,1
1028,85086.0,AGGRAVATED ASSAULT,2015,1
1029,85087.0,LARCENY-THEFT,2017,37
1030,85087.0,LARCENY-THEFT,2016,21
1031,85087.0,BURGLARY,2017,8
1032,85087.0,LARCENY-THEFT,2015,4
1033,85087.0,AGGRAVATED ASSAULT,2017,4
1034,85087.0,MOTOR VEHICLE THEFT,2016,3
1035,85087.0,BURGLARY,2016,3
1036,85087.0,MOTOR VEHICLE THEFT,2017,1
1037,85087.0,DRUG OFFENSE,2016,1
1038,85087.0,ARSON,2017,1
1039,85087.0,ARSON,2015,1
1040,85087.0,AGGRAVATED ASSAULT,2016,1
1041,85201.0,BURGLARY,2016,1
1042,85201.0,AGGRAVATED ASSAULT,2016,1
1043,85201.0,DRUG OFFENSE,2016,1
1044,85202.0,RAPE,2016,3
1045,85202.0,AGGRAVATED ASSAULT,2017,1
1046,85202.0,LARCENY-THEFT,2016,1
1047,85202.0,RAPE,2017,1
1048,85203.0,DRUG OFFENSE,2016,1
1049,85204.0,MOTOR VEHICLE THEFT,2017,1
1050,85210.0,RAPE,2016,2
1051,85210.0,BURGLARY,2016,1
1052,85212.0,AGGRAVATED ASSAULT,2017,1
1053,85213.0,MOTOR VEHICLE THEFT,2017,1
1054,85213.0,LARCENY-THEFT,2017,1
1055,85213.0,LARCENY-THEFT,2015,1
1056,85215.0,BURGLARY,2017,1
1057,85215.0,BURGLARY,2016,1
1058,85224.0,RAPE,2016,1
1059,85224.0,AGGRAVATED ASSAULT,2016,1
1060,85225.0,LARCENY-THEFT,2016,2
1061,85225.0,RAPE,2016,2
1062,85225.0,DRUG OFFENSE,2016,1
1063,85225.0,DRUG OFFENSE,2015,1
1064,85226.0,MOTOR VEHICLE THEFT,2016,1
1065,85233.0,LARCENY-THEFT,2017,1
1066,85234.0,LARCENY-THEFT,2017,1
1067,85234.0,MOTOR VEHICLE THEFT,2016,1
1068,85248.0,LARCENY-THEFT,2016,1
1069,85251.0,LARCENY-THEFT,2016,17
1070,85251.0,BURGLARY,2017,8
1071,85251.0,LARCENY-THEFT,2017,7
1072,85251.0,BURGLARY,2016,6
1073,85251.0,RAPE,2016,3
1074,85251.0,DRUG OFFENSE,2017,3
1075,85251.0,DRUG OFFENSE,2016,3
1076,85251.0,RAPE,2017,2
1077,85251.0,ROBBERY,2017,1
1078,85251.0,MOTOR VEHICLE THEFT,2016,1
1079,85251.0,LARCENY-THEFT,2015,1
1080,85251.0,AGGRAVATED ASSAULT,2016,1
1081,85253.0,LARCENY-THEFT,2016,14
1082,85253.0,LARCENY-THEFT,2017,12
1083,85253.0,BURGLARY,2017,4
1084,85253.0,BURGLARY,2016,4
1085,85253.0,LARCENY-THEFT,2015,3
1086,85253.0,MOTOR VEHICLE THEFT,2016,2
1087,85253.0,ROBBERY,2016,2
1088,85253.0,AGGRAVATED ASSAULT,2017,1
1089,85254.0,LARCENY-THEFT,2016,492
1090,85254.0,LARCENY-THEFT,2017,359
1091,85254.0,BURGLARY,2017,125
1092,85254.0,BURGLARY,2016,123
1093,85254.0,LARCENY-THEFT,2015,73
1094,85254.0,MOTOR VEHICLE THEFT,2016,43
1095,85254.0,MOTOR VEHICLE THEFT,2017,32
1096,85254.0,DRUG OFFENSE,2017,28
1097,85254.0,AGGRAVATED ASSAULT,2016,28
1098,85254.0,AGGRAVATED ASSAULT,2017,26
1099,85254.0,BURGLARY,2015,21
1100,85254.0,DRUG OFFENSE,2016,19
1101,85254.0,RAPE,2017,15
1102,85254.0,ROBBERY,2016,13
1103,85254.0,ROBBERY,2017,12
1104,85254.0,RAPE,2016,9
1105,85254.0,MOTOR VEHICLE THEFT,2015,5
1106,85254.0,DRUG OFFENSE,2015,4
1107,85254.0,AGGRAVATED ASSAULT,2015,4
1108,85254.0,ROBBERY,2015,1
1109,85254.0,RAPE,2015,1
1110,85254.0,ARSON,2017,1
1111,85254.0,ARSON,2015,1
1112,85255.0,LARCENY-THEFT,2016,15
1113,85255.0,LARCENY-THEFT,2017,12
1114,85255.0,DRUG OFFENSE,2016,4
1115,85255.0,MOTOR VEHICLE THEFT,2016,3
1116,85255.0,AGGRAVATED ASSAULT,2017,2
1117,85255.0,LARCENY-THEFT,2015,2
1118,85255.0,RAPE,2017,1
1119,85255.0,RAPE,2016,1
1120,85255.0,MOTOR VEHICLE THEFT,2017,1
1121,85255.0,BURGLARY,2017,1
1122,85255.0,BURGLARY,2016,1
1123,85257.0,DRUG OFFENSE,2016,2
1124,85257.0,MOTOR VEHICLE THEFT,2016,1
1125,85257.0,LARCENY-THEFT,2017,1
1126,85258.0,LARCENY-THEFT,2016,1
1127,85258.0,LARCENY-THEFT,2015,1
1128,85260.0,LARCENY-THEFT,2016,4
1129,85260.0,LARCENY-THEFT,2017,3
1130,85260.0,ROBBERY,2016,1
1131,85266.0,LARCENY-THEFT,2016,1
1132,85268.0,LARCENY-THEFT,2015,1
1133,85281.0,DRUG OFFENSE,2016,2
1134,85281.0,RAPE,2016,1
1135,85281.0,MOTOR VEHICLE THEFT,2017,1
1136,85281.0,BURGLARY,2017,1
1137,85281.0,AGGRAVATED ASSAULT,2016,1
1138,85282.0,DRUG OFFENSE,2016,3
1139,85282.0,DRUG OFFENSE,2015,1
1140,85282.0,AGGRAVATED ASSAULT,2017,1
1141,85282.0,RAPE,2017,1
1142,85283.0,LARCENY-THEFT,2017,1
1143,85283.0,AGGRAVATED ASSAULT,2016,1
1144,85286.0,LARCENY-THEFT,2017,1
1145,85286.0,DRUG OFFENSE,2016,1
1146,85290.0,RAPE,2016,1
1147,85295.0,RAPE,2016,1
1148,85295.0,LARCENY-THEFT,2017,1
1149,85296.0,LARCENY-THEFT,2017,1
1150,85296.0,LARCENY-THEFT,2016,1
1151,85296.0,DRUG OFFENSE,2017,1
1152,85301.0,DRUG OFFENSE,2016,12
1153,85301.0,DRUG OFFENSE,2017,4
1154,85301.0,LARCENY-THEFT,2017,4
1155,85301.0,RAPE,2016,3
1156,85301.0,AGGRAVATED ASSAULT,2016,3
1157,85301.0,LARCENY-THEFT,2016,3
1158,85301.0,MOTOR VEHICLE THEFT,2016,2
1159,85301.0,AGGRAVATED ASSAULT,2017,2
1160,85301.0,LARCENY-THEFT,2015,1
1161,85301.0,MOTOR VEHICLE THEFT,2017,1
1162,85301.0,RAPE,2015,1
1163,85301.0,RAPE,2017,1
1164,85301.0,ROBBERY,2017,1
1165,85301.0,AGGRAVATED ASSAULT,2015,1
1166,85302.0,DRUG OFFENSE,2016,3
1167,85302.0,LARCENY-THEFT,2016,3
1168,85302.0,LARCENY-THEFT,2017,3
1169,85302.0,DRUG OFFENSE,2017,2
1170,85302.0,AGGRAVATED ASSAULT,2017,1
1171,85302.0,MOTOR VEHICLE THEFT,2016,1
1172,85302.0,RAPE,2016,1
1173,85302.0,RAPE,2017,1
1174,85303.0,DRUG OFFENSE,2016,4
1175,85303.0,LARCENY-THEFT,2016,3
1176,85303.0,MOTOR VEHICLE THEFT,2017,2
1177,85303.0,ROBBERY,2016,1
1178,85303.0,AGGRAVATED ASSAULT,2017,1
1179,85303.0,LARCENY-THEFT,2017,1
1180,85303.0,MOTOR VEHICLE THEFT,2016,1
1181,85304.0,LARCENY-THEFT,2017,83
1182,85304.0,LARCENY-THEFT,2016,78
1183,85304.0,BURGLARY,2016,27
1184,85304.0,BURGLARY,2017,21
1185,85304.0,LARCENY-THEFT,2015,15
1186,85304.0,MOTOR VEHICLE THEFT,2016,15
1187,85304.0,MOTOR VEHICLE THEFT,2017,10
1188,85304.0,AGGRAVATED ASSAULT,2016,9
1189,85304.0,AGGRAVATED ASSAULT,2017,8
1190,85304.0,DRUG OFFENSE,2016,7
1191,85304.0,ROBBERY,2017,4
1192,85304.0,MURDER AND NON-NEGLIGENT MANSLAUGHTER,2016,4
1193,85304.0,RAPE,2017,4
1194,85304.0,DRUG OFFENSE,2017,3
1195,85304.0,RAPE,2016,2
1196,85304.0,ROBBERY,2016,2
1197,85304.0,BURGLARY,2015,2
1198,85304.0,MOTOR VEHICLE THEFT,2015,2
1199,85304.0,ARSON,2017,1
1200,85304.0,MURDER AND NON-NEGLIGENT MANSLAUGHTER,2015,1
1201,85304.0,ROBBERY,2015,1
1202,85304.0,ARSON,2016,1
1203,85305.0,AGGRAVATED ASSAULT,2017,1
1204,85305.0,DRUG OFFENSE,2016,1
1205,85306.0,LARCENY-THEFT,2017,130
1206,85306.0,LARCENY-THEFT,2016,117
1207,85306.0,BURGLARY,2016,42
1208,85306.0,BURGLARY,2017,41
1209,85306.0,LARCENY-THEFT,2015,22
1210,85306.0,MOTOR VEHICLE THEFT,2016,22
1211,85306.0,MOTOR VEHICLE THEFT,2017,19
1212,85306.0,DRUG OFFENSE,2017,13
1213,85306.0,AGGRAVATED ASSAULT,2017,9
1214,85306.0,AGGRAVATED ASSAULT,2016,8
1215,85306.0,MOTOR VEHICLE THEFT,2015,7
1216,85306.0,DRUG OFFENSE,2016,7
1217,85306.0,BURGLARY,2015,7
1218,85306.0,ROBBERY,2017,5
1219,85306.0,ROBBERY,2016,4
1220,85306.0,RAPE,2016,4
1221,85306.0,RAPE,2017,3
1222,85306.0,AGGRAVATED ASSAULT,2015,2
1223,85306.0,ARSON,2017,1
1224,85306.0,ARSON,2016,1
1225,85306.0,ROBBERY,2015,1
1226,85307.0,BURGLARY,2017,51
1227,85307.0,LARCENY-THEFT,2016,43
1228,85307.0,LARCENY-THEFT,2017,38
1229,85307.0,BURGLARY,2016,26
1230,85307.0,MOTOR VEHICLE THEFT,2017,12
1231,85307.0,AGGRAVATED ASSAULT,2016,8
1232,85307.0,MOTOR VEHICLE THEFT,2016,7
1233,85307.0,LARCENY-THEFT,2015,7
1234,85307.0,MOTOR VEHICLE THEFT,2015,4
1235,85307.0,DRUG OFFENSE,2017,3
1236,85307.0,AGGRAVATED ASSAULT,2017,3
1237,85307.0,BURGLARY,2015,2
1238,85307.0,DRUG OFFENSE,2016,2
1239,85307.0,ROBBERY,2016,2
1240,85307.0,ROBBERY,2017,2
1241,85307.0,RAPE,2016,1
1242,85308.0,LARCENY-THEFT,2016,288
1243,85308.0,LARCENY-THEFT,2017,234
1244,85308.0,BURGLARY,2016,115
1245,85308.0,BURGLARY,2017,95
1246,85308.0,MOTOR VEHICLE THEFT,2016,64
1247,85308.0,LARCENY-THEFT,2015,46
1248,85308.0,MOTOR VEHICLE THEFT,2017,43
1249,85308.0,AGGRAVATED ASSAULT,2017,39
1250,85308.0,DRUG OFFENSE,2017,37
1251,85308.0,AGGRAVATED ASSAULT,2016,27
1252,85308.0,DRUG OFFENSE,2016,21
1253,85308.0,BURGLARY,2015,13
1254,85308.0,ROBBERY,2016,9
1255,85308.0,AGGRAVATED ASSAULT,2015,8
1256,85308.0,ROBBERY,2017,8
1257,85308.0,MOTOR VEHICLE THEFT,2015,8
1258,85308.0,RAPE,2016,7
1259,85308.0,ARSON,2016,4
1260,85308.0,DRUG OFFENSE,2015,4
1261,85308.0,ARSON,2017,3
1262,85308.0,MURDER AND NON-NEGLIGENT MANSLAUGHTER,2016,2
1263,85308.0,MURDER AND NON-NEGLIGENT MANSLAUGHTER,2017,2
1264,85308.0,RAPE,2017,1
1265,85308.0,RAPE,2015,1
1266,85310.0,LARCENY-THEFT,2016,113
1267,85310.0,LARCENY-THEFT,2017,92
1268,85310.0,BURGLARY,2016,37
1269,85310.0,BURGLARY,2017,32
1270,85310.0,LARCENY-THEFT,2015,21
1271,85310.0,MOTOR VEHICLE THEFT,2017,12
1272,85310.0,MOTOR VEHICLE THEFT,2016,12
1273,85310.0,BURGLARY,2015,10
1274,85310.0,AGGRAVATED ASSAULT,2017,9
1275,85310.0,AGGRAVATED ASSAULT,2016,5
1276,85310.0,RAPE,2016,5
1277,85310.0,ROBBERY,2017,4
1278,85310.0,DRUG OFFENSE,2016,4
1279,85310.0,RAPE,2017,3
1280,85310.0,DRUG OFFENSE,2017,3
1281,85310.0,MOTOR VEHICLE THEFT,2015,2
1282,85310.0,ARSON,2017,2
1283,85310.0,RAPE,2015,1
1284,85310.0,ROBBERY,2016,1
1285,85310.0,DRUG OFFENSE,2015,1
1286,85323.0,DRUG OFFENSE,2016,3
1287,85323.0,LARCENY-THEFT,2017,2
1288,85323.0,DRUG OFFENSE,2017,1
1289,85323.0,LARCENY-THEFT,2016,1
1290,85323.0,RAPE,2016,1
1291,85326.0,LARCENY-THEFT,2017,1
1292,85326.0,MOTOR VEHICLE THEFT,2016,1
1293,85331.0,LARCENY-THEFT,2016,100
1294,85331.0,LARCENY-THEFT,2017,58
1295,85331.0,BURGLARY,2017,37
1296,85331.0,BURGLARY,2016,34
1297,85331.0,LARCENY-THEFT,2015,12
1298,85331.0,MOTOR VEHICLE THEFT,2017,11
1299,85331.0,MOTOR VEHICLE THEFT,2016,10
1300,85331.0,RAPE,2016,5
1301,85331.0,AGGRAVATED ASSAULT,2016,4
1302,85331.0,BURGLARY,2015,4
1303,85331.0,DRUG OFFENSE,2017,3
1304,85331.0,RAPE,2017,3
1305,85331.0,DRUG OFFENSE,2016,2
1306,85331.0,AGGRAVATED ASSAULT,2017,2
1307,85331.0,ROBBERY,2016,1
1308,85331.0,AGGRAVATED ASSAULT,2015,1
1309,85335.0,DRUG OFFENSE,2017,1
1310,85337.0,ROBBERY,2017,1
1311,85338.0,DRUG OFFENSE,2017,1
1312,85339.0,LARCENY-THEFT,2017,587
1313,85339.0,LARCENY-THEFT,2016,586
1314,85339.0,BURGLARY,2016,267
1315,85339.0,BURGLARY,2017,221
1316,85339.0,MOTOR VEHICLE THEFT,2017,162
1317,85339.0,MOTOR VEHICLE THEFT,2016,109
1318,85339.0,LARCENY-THEFT,2015,108
1319,85339.0,AGGRAVATED ASSAULT,2017,90
1320,85339.0,ROBBERY,2016,69
1321,85339.0,AGGRAVATED ASSAULT,2016,68
1322,85339.0,ROBBERY,2017,41
1323,85339.0,BURGLARY,2015,37
1324,85339.0,DRUG OFFENSE,2017,34
1325,85339.0,MOTOR VEHICLE THEFT,2015,32
1326,85339.0,RAPE,2017,20
1327,85339.0,RAPE,2016,14
1328,85339.0,DRUG OFFENSE,2016,14
1329,85339.0,AGGRAVATED ASSAULT,2015,10
1330,85339.0,MURDER AND NON-NEGLIGENT MANSLAUGHTER,2016,6
1331,85339.0,DRUG OFFENSE,2015,4
1332,85339.0,ROBBERY,2015,4
1333,85339.0,ARSON,2016,4
1334,85339.0,RAPE,2015,2
1335,85339.0,MURDER AND NON-NEGLIGENT MANSLAUGHTER,2017,1
1336,85345.0,DRUG OFFENSE,2016,2
1337,85345.0,DRUG OFFENSE,2017,1
1338,85345.0,MOTOR VEHICLE THEFT,2016,1
1339,85345.0,RAPE,2016,1
1340,85353.0,LARCENY-THEFT,2016,269
1341,85353.0,LARCENY-THEFT,2017,269
1342,85353.0,BURGLARY,2016,172
1343,85353.0,BURGLARY,2017,141
1344,85353.0,MOTOR VEHICLE THEFT,2017,109
1345,85353.0,MOTOR VEHICLE THEFT,2016,74
1346,85353.0,LARCENY-THEFT,2015,58
1347,85353.0,AGGRAVATED ASSAULT,2017,56
1348,85353.0,AGGRAVATED ASSAULT,2016,48
1349,85353.0,ROBBERY,2017,27
1350,85353.0,BURGLARY,2015,26
1351,85353.0,ROBBERY,2016,24
1352,85353.0,DRUG OFFENSE,2016,16
1353,85353.0,DRUG OFFENSE,2017,12
1354,85353.0,MOTOR VEHICLE THEFT,2015,10
1355,85353.0,RAPE,2016,7
1356,85353.0,AGGRAVATED ASSAULT,2015,6
1357,85353.0,RAPE,2017,6
1358,85353.0,ARSON,2017,4
1359,85353.0,MURDER AND NON-NEGLIGENT MANSLAUGHTER,2017,4
1360,85353.0,ROBBERY,2015,2
1361,85353.0,MURDER AND NON-NEGLIGENT MANSLAUGHTER,2016,1
1362,85353.0,DRUG OFFENSE,2015,1
1363,85353.0,ARSON,2016,1
1364,85363.0,RAPE,2015,1
1365,85381.0,DRUG OFFENSE,2016,1
1366,85382.0,LARCENY-THEFT,2016,1
1367,85382.0,MOTOR VEHICLE THEFT,2016,1
1368,85383.0,AGGRAVATED ASSAULT,2017,1
1369,85383.0,BURGLARY,2016,1
1370,85392.0,DRUG OFFENSE,2016,4
1371,85392.0,DRUG OFFENSE,2017,2
1372,85392.0,AGGRAVATED ASSAULT,2016,1
1373,85392.0,AGGRAVATED ASSAULT,2017,1
1374,85395.0,AGGRAVATED ASSAULT,2016,1
1375,85395.0,RAPE,2016,1
1376,85396.0,LARCENY-THEFT,2017,2
1377,85396.0,BURGLARY,2017,1
1378,85396.0,MOTOR VEHICLE THEFT,2017,1
